image,x,y
sun_reg_1.png,133,164
sun_reg_2.png,76,132
sun_reg_3.png,78,112
sun_reg_4.png,156,220
sun_reg_5.png,196,129
sun_reg_6.png,75,87
sun_reg_7.png,190,132
sun_reg_8.png,57,222
sun_reg_9.png,208,103
sun_reg_10.png,84,82
sun_reg_11.png,189,75
sun_reg_12.png,175,62
sun_reg_13.png,72,157
sun_reg_14.png,104,41
sun_reg_15.png,96,197
sun_reg_16.png,125,33
sun_reg_17.png,130,108
sun_reg_18.png,180,145
sun_reg_19.png,221,184
sun_reg_20.png,44,170
sun_reg_21.png,76,202
sun_reg_22.png,100,44
sun_reg_23.png,41,141
sun_reg_24.png,137,93
sun_reg_25.png,111,44
sun_reg_26.png,46,151
sun_reg_27.png,41,106
sun_reg_28.png,182,66
sun_reg_29.png,35,38
sun_reg_30.png,71,81
sun_reg_31.png,117,136
sun_reg_32.png,174,170
sun_reg_33.png,217,69
sun_reg_34.png,90,81
sun_reg_35.png,121,169
sun_reg_36.png,105,90
sun_reg_37.png,76,114
sun_reg_38.png,186,159
sun_reg_39.png,112,192
sun_reg_40.png,177,37
sun_reg_41.png,88,180
sun_reg_42.png,68,224
sun_reg_43.png,124,34
sun_reg_44.png,54,210
sun_reg_45.png,210,220
sun_reg_46.png,90,191
sun_reg_47.png,176,146
sun_reg_48.png,146,181
sun_reg_49.png,220,35
sun_reg_50.png,151,187
sun_reg_51.png,74,176
sun_reg_52.png,107,212
sun_reg_53.png,46,54
sun_reg_54.png,149,197
sun_reg_55.png,50,152
sun_reg_56.png,85,42
sun_reg_57.png,192,97
sun_reg_58.png,224,210
sun_reg_59.png,88,59
sun_reg_60.png,146,152
sun_reg_61.png,74,182
sun_reg_62.png,47,181
sun_reg_63.png,63,200
sun_reg_64.png,75,173
sun_reg_65.png,186,47
sun_reg_66.png,59,60
sun_reg_67.png,113,182
sun_reg_68.png,95,57
sun_reg_69.png,153,133
sun_reg_70.png,45,125
sun_reg_71.png,118,200
sun_reg_72.png,201,40
sun_reg_73.png,38,95
sun_reg_74.png,124,182
sun_reg_75.png,94,90
sun_reg_76.png,111,194
sun_reg_77.png,158,55
sun_reg_78.png,209,42
sun_reg_79.png,183,191
sun_reg_80.png,138,164
sun_reg_81.png,90,50
sun_reg_82.png,214,93
sun_reg_83.png,205,187
sun_reg_84.png,152,71
sun_reg_85.png,172,58
sun_reg_86.png,209,167
sun_reg_87.png,222,153
sun_reg_88.png,34,200
sun_reg_89.png,220,65
sun_reg_90.png,198,127
sun_reg_91.png,33,79
sun_reg_92.png,163,62
sun_reg_93.png,153,95
sun_reg_94.png,46,34
sun_reg_95.png,198,74
sun_reg_96.png,62,148
sun_reg_97.png,206,222
sun_reg_98.png,209,144
sun_reg_99.png,213,167
sun_reg_100.png,74,197
sun_reg_101.png,169,86
sun_reg_102.png,205,191
sun_reg_103.png,88,85
sun_reg_104.png,147,193
sun_reg_105.png,111,202
sun_reg_106.png,79,152
sun_reg_107.png,180,138
sun_reg_108.png,136,78
sun_reg_109.png,74,58
sun_reg_110.png,182,151
sun_reg_111.png,182,127
sun_reg_112.png,88,182
sun_reg_113.png,82,121
sun_reg_114.png,91,216
sun_reg_115.png,82,55
sun_reg_116.png,171,166
sun_reg_117.png,34,161
sun_reg_118.png,39,139
sun_reg_119.png,35,176
sun_reg_120.png,130,135
sun_reg_121.png,36,123
sun_reg_122.png,141,161
sun_reg_123.png,37,135
sun_reg_124.png,122,169
sun_reg_125.png,55,126
sun_reg_126.png,182,56
sun_reg_127.png,199,75
sun_reg_128.png,36,223
sun_reg_129.png,109,38
sun_reg_130.png,147,163
sun_reg_131.png,77,59
sun_reg_132.png,116,34
sun_reg_133.png,65,158
sun_reg_134.png,33,129
sun_reg_135.png,181,147
sun_reg_136.png,207,111
sun_reg_137.png,60,201
sun_reg_138.png,219,153
sun_reg_139.png,146,77
sun_reg_140.png,192,120
sun_reg_141.png,146,111
sun_reg_142.png,165,65
sun_reg_143.png,46,174
sun_reg_144.png,172,66
sun_reg_145.png,134,132
sun_reg_146.png,131,95
sun_reg_147.png,132,36
sun_reg_148.png,134,207
sun_reg_149.png,49,102
sun_reg_150.png,174,213
sun_reg_151.png,87,134
sun_reg_152.png,215,217
sun_reg_153.png,213,220
sun_reg_154.png,63,92
sun_reg_155.png,125,55
sun_reg_156.png,120,211
sun_reg_157.png,85,65
sun_reg_158.png,188,135
sun_reg_159.png,60,102
sun_reg_160.png,90,214
sun_reg_161.png,97,105
sun_reg_162.png,144,171
sun_reg_163.png,102,193
sun_reg_164.png,41,66
sun_reg_165.png,211,92
sun_reg_166.png,49,72
sun_reg_167.png,201,105
sun_reg_168.png,193,99
sun_reg_169.png,177,76
sun_reg_170.png,163,57
sun_reg_171.png,68,88
sun_reg_172.png,126,118
sun_reg_173.png,162,211
sun_reg_174.png,44,177
sun_reg_175.png,54,114
sun_reg_176.png,177,107
sun_reg_177.png,193,111
sun_reg_178.png,60,104
sun_reg_179.png,58,182
sun_reg_180.png,45,180
sun_reg_181.png,115,145
sun_reg_182.png,72,43
sun_reg_183.png,77,199
sun_reg_184.png,114,71
sun_reg_185.png,177,84
sun_reg_186.png,195,51
sun_reg_187.png,217,127
sun_reg_188.png,46,161
sun_reg_189.png,49,56
sun_reg_190.png,187,97
sun_reg_191.png,214,190
sun_reg_192.png,122,117
sun_reg_193.png,211,116
sun_reg_194.png,135,73
sun_reg_195.png,156,117
sun_reg_196.png,188,118
sun_reg_197.png,102,126
sun_reg_198.png,67,134
sun_reg_199.png,71,32
sun_reg_200.png,124,104
sun_reg_201.png,90,100
sun_reg_202.png,135,161
sun_reg_203.png,154,126
sun_reg_204.png,86,165
sun_reg_205.png,124,99
sun_reg_206.png,56,63
sun_reg_207.png,211,222
sun_reg_208.png,176,62
sun_reg_209.png,133,131
sun_reg_210.png,132,65
sun_reg_211.png,152,143
sun_reg_212.png,67,176
sun_reg_213.png,217,57
sun_reg_214.png,151,223
sun_reg_215.png,182,85
sun_reg_216.png,207,110
sun_reg_217.png,182,116
sun_reg_218.png,209,103
sun_reg_219.png,183,55
sun_reg_220.png,55,185
sun_reg_221.png,93,55
sun_reg_222.png,160,46
sun_reg_223.png,99,102
sun_reg_224.png,42,184
sun_reg_225.png,37,151
sun_reg_226.png,65,149
sun_reg_227.png,83,40
sun_reg_228.png,118,42
sun_reg_229.png,109,184
sun_reg_230.png,205,100
sun_reg_231.png,186,34
sun_reg_232.png,92,138
sun_reg_233.png,105,200
sun_reg_234.png,59,198
sun_reg_235.png,42,59
sun_reg_236.png,84,173
sun_reg_237.png,68,216
sun_reg_238.png,219,222
sun_reg_239.png,201,200
sun_reg_240.png,92,164
sun_reg_241.png,215,183
sun_reg_242.png,218,105
sun_reg_243.png,49,122
sun_reg_244.png,188,45
sun_reg_245.png,205,103
sun_reg_246.png,99,159
sun_reg_247.png,95,172
sun_reg_248.png,119,128
sun_reg_249.png,126,136
sun_reg_250.png,105,177
sun_reg_251.png,205,192
sun_reg_252.png,192,70
sun_reg_253.png,221,223
sun_reg_254.png,143,42
sun_reg_255.png,95,213
sun_reg_256.png,167,35
sun_reg_257.png,68,107
sun_reg_258.png,146,38
sun_reg_259.png,201,104
sun_reg_260.png,71,192
sun_reg_261.png,53,192
sun_reg_262.png,83,50
sun_reg_263.png,93,82
sun_reg_264.png,145,84
sun_reg_265.png,209,114
sun_reg_266.png,122,43
sun_reg_267.png,85,171
sun_reg_268.png,167,201
sun_reg_269.png,166,140
sun_reg_270.png,148,170
sun_reg_271.png,196,208
sun_reg_272.png,64,112
sun_reg_273.png,193,224
sun_reg_274.png,223,128
sun_reg_275.png,39,181
sun_reg_276.png,170,220
sun_reg_277.png,104,186
sun_reg_278.png,57,65
sun_reg_279.png,153,168
sun_reg_280.png,162,157
sun_reg_281.png,130,133
sun_reg_282.png,35,126
sun_reg_283.png,89,178
sun_reg_284.png,78,160
sun_reg_285.png,128,196
sun_reg_286.png,58,109
sun_reg_287.png,218,166
sun_reg_288.png,195,205
sun_reg_289.png,103,222
sun_reg_290.png,110,223
sun_reg_291.png,74,105
sun_reg_292.png,127,150
sun_reg_293.png,145,153
sun_reg_294.png,191,113
sun_reg_295.png,162,141
sun_reg_296.png,142,36
sun_reg_297.png,175,71
sun_reg_298.png,93,90
sun_reg_299.png,63,150
sun_reg_300.png,77,159
sun_reg_301.png,140,114
sun_reg_302.png,134,123
sun_reg_303.png,122,52
sun_reg_304.png,203,63
sun_reg_305.png,61,86
sun_reg_306.png,32,43
sun_reg_307.png,38,115
sun_reg_308.png,34,130
sun_reg_309.png,217,196
sun_reg_310.png,132,45
sun_reg_311.png,149,67
sun_reg_312.png,178,48
sun_reg_313.png,47,59
sun_reg_314.png,32,115
sun_reg_315.png,183,132
sun_reg_316.png,173,172
sun_reg_317.png,101,208
sun_reg_318.png,62,68
sun_reg_319.png,209,176
sun_reg_320.png,83,172
sun_reg_321.png,87,75
sun_reg_322.png,94,34
sun_reg_323.png,164,74
sun_reg_324.png,157,110
sun_reg_325.png,118,126
sun_reg_326.png,223,77
sun_reg_327.png,177,70
sun_reg_328.png,130,44
sun_reg_329.png,44,112
sun_reg_330.png,152,123
sun_reg_331.png,105,110
sun_reg_332.png,120,67
sun_reg_333.png,45,33
sun_reg_334.png,221,181
sun_reg_335.png,97,180
sun_reg_336.png,60,180
sun_reg_337.png,32,215
sun_reg_338.png,81,197
sun_reg_339.png,146,94
sun_reg_340.png,36,205
sun_reg_341.png,191,99
sun_reg_342.png,206,107
sun_reg_343.png,41,199
sun_reg_344.png,101,125
sun_reg_345.png,207,213
sun_reg_346.png,133,76
sun_reg_347.png,125,77
sun_reg_348.png,107,214
sun_reg_349.png,47,214
sun_reg_350.png,224,160
sun_reg_351.png,201,83
sun_reg_352.png,124,41
sun_reg_353.png,159,70
sun_reg_354.png,181,94
sun_reg_355.png,172,33
sun_reg_356.png,142,143
sun_reg_357.png,193,148
sun_reg_358.png,96,139
sun_reg_359.png,201,217
sun_reg_360.png,204,108
sun_reg_361.png,47,36
sun_reg_362.png,141,151
sun_reg_363.png,155,205
sun_reg_364.png,57,65
sun_reg_365.png,125,106
sun_reg_366.png,103,154
sun_reg_367.png,92,57
sun_reg_368.png,194,138
sun_reg_369.png,67,59
sun_reg_370.png,45,215
sun_reg_371.png,191,87
sun_reg_372.png,122,47
sun_reg_373.png,35,122
sun_reg_374.png,202,125
sun_reg_375.png,44,78
sun_reg_376.png,220,64
sun_reg_377.png,133,127
sun_reg_378.png,82,209
sun_reg_379.png,224,144
sun_reg_380.png,179,61
sun_reg_381.png,161,89
sun_reg_382.png,172,61
sun_reg_383.png,151,168
sun_reg_384.png,39,55
sun_reg_385.png,155,172
sun_reg_386.png,205,100
sun_reg_387.png,150,176
sun_reg_388.png,148,208
sun_reg_389.png,117,168
sun_reg_390.png,38,157
sun_reg_391.png,116,213
sun_reg_392.png,94,156
sun_reg_393.png,80,127
sun_reg_394.png,76,150
sun_reg_395.png,109,192
sun_reg_396.png,179,136
sun_reg_397.png,67,109
sun_reg_398.png,129,174
sun_reg_399.png,210,86
sun_reg_400.png,34,209
sun_reg_401.png,166,78
sun_reg_402.png,95,77
sun_reg_403.png,52,54
sun_reg_404.png,138,201
sun_reg_405.png,148,41
sun_reg_406.png,160,158
sun_reg_407.png,35,59
sun_reg_408.png,103,80
sun_reg_409.png,65,214
sun_reg_410.png,33,70
sun_reg_411.png,177,174
sun_reg_412.png,78,95
sun_reg_413.png,185,154
sun_reg_414.png,63,94
sun_reg_415.png,84,213
sun_reg_416.png,130,103
sun_reg_417.png,190,38
sun_reg_418.png,198,57
sun_reg_419.png,124,112
sun_reg_420.png,202,194
sun_reg_421.png,136,133
sun_reg_422.png,92,217
sun_reg_423.png,80,171
sun_reg_424.png,160,194
sun_reg_425.png,150,136
sun_reg_426.png,115,153
sun_reg_427.png,200,97
sun_reg_428.png,96,197
sun_reg_429.png,156,197
sun_reg_430.png,173,149
sun_reg_431.png,155,163
sun_reg_432.png,95,167
sun_reg_433.png,115,99
sun_reg_434.png,96,109
sun_reg_435.png,69,109
sun_reg_436.png,224,146
sun_reg_437.png,116,85
sun_reg_438.png,205,62
sun_reg_439.png,124,211
sun_reg_440.png,33,43
sun_reg_441.png,163,178
sun_reg_442.png,215,175
sun_reg_443.png,92,151
sun_reg_444.png,77,186
sun_reg_445.png,88,52
sun_reg_446.png,184,89
sun_reg_447.png,219,131
sun_reg_448.png,131,100
sun_reg_449.png,195,66
sun_reg_450.png,189,178
sun_reg_451.png,132,47
sun_reg_452.png,104,200
sun_reg_453.png,72,132
sun_reg_454.png,118,74
sun_reg_455.png,114,43
sun_reg_456.png,198,129
sun_reg_457.png,86,101
sun_reg_458.png,36,220
sun_reg_459.png,59,109
sun_reg_460.png,89,168
sun_reg_461.png,57,185
sun_reg_462.png,181,145
sun_reg_463.png,117,57
sun_reg_464.png,35,174
sun_reg_465.png,57,104
sun_reg_466.png,195,71
sun_reg_467.png,184,58
sun_reg_468.png,170,155
sun_reg_469.png,48,170
sun_reg_470.png,58,217
sun_reg_471.png,224,161
sun_reg_472.png,158,130
sun_reg_473.png,86,152
sun_reg_474.png,52,115
sun_reg_475.png,166,33
sun_reg_476.png,204,76
sun_reg_477.png,198,103
sun_reg_478.png,183,215
sun_reg_479.png,116,138
sun_reg_480.png,188,196
sun_reg_481.png,167,33
sun_reg_482.png,156,128
sun_reg_483.png,72,165
sun_reg_484.png,212,159
sun_reg_485.png,86,206
sun_reg_486.png,174,186
sun_reg_487.png,63,129
sun_reg_488.png,151,95
sun_reg_489.png,166,117
sun_reg_490.png,130,127
sun_reg_491.png,105,113
sun_reg_492.png,164,222
sun_reg_493.png,210,143
sun_reg_494.png,137,170
sun_reg_495.png,40,100
sun_reg_496.png,95,44
sun_reg_497.png,123,142
sun_reg_498.png,219,160
sun_reg_499.png,73,109
sun_reg_500.png,150,70
sun_reg_501.png,134,199
sun_reg_502.png,39,82
sun_reg_503.png,162,201
sun_reg_504.png,148,82
sun_reg_505.png,194,137
sun_reg_506.png,153,170
sun_reg_507.png,193,75
sun_reg_508.png,86,138
sun_reg_509.png,199,81
sun_reg_510.png,110,111
sun_reg_511.png,127,63
sun_reg_512.png,190,116
sun_reg_513.png,156,174
sun_reg_514.png,178,202
sun_reg_515.png,171,193
sun_reg_516.png,109,56
sun_reg_517.png,175,203
sun_reg_518.png,115,206
sun_reg_519.png,90,215
sun_reg_520.png,128,77
sun_reg_521.png,59,197
sun_reg_522.png,38,163
sun_reg_523.png,54,92
sun_reg_524.png,111,38
sun_reg_525.png,159,106
sun_reg_526.png,179,81
sun_reg_527.png,199,220
sun_reg_528.png,191,213
sun_reg_529.png,224,207
sun_reg_530.png,44,122
sun_reg_531.png,204,149
sun_reg_532.png,193,104
sun_reg_533.png,207,149
sun_reg_534.png,52,51
sun_reg_535.png,75,43
sun_reg_536.png,92,140
sun_reg_537.png,129,147
sun_reg_538.png,172,65
sun_reg_539.png,142,69
sun_reg_540.png,41,209
sun_reg_541.png,138,148
sun_reg_542.png,204,138
sun_reg_543.png,54,85
sun_reg_544.png,161,193
sun_reg_545.png,194,123
sun_reg_546.png,63,67
sun_reg_547.png,221,204
sun_reg_548.png,158,107
sun_reg_549.png,117,161
sun_reg_550.png,203,75
sun_reg_551.png,164,113
sun_reg_552.png,117,192
sun_reg_553.png,196,201
sun_reg_554.png,40,93
sun_reg_555.png,73,177
sun_reg_556.png,125,218
sun_reg_557.png,210,173
sun_reg_558.png,205,179
sun_reg_559.png,48,217
sun_reg_560.png,42,34
sun_reg_561.png,85,131
sun_reg_562.png,44,128
sun_reg_563.png,223,156
sun_reg_564.png,39,212
sun_reg_565.png,168,123
sun_reg_566.png,164,34
sun_reg_567.png,184,91
sun_reg_568.png,98,155
sun_reg_569.png,168,182
sun_reg_570.png,115,73
sun_reg_571.png,33,160
sun_reg_572.png,133,74
sun_reg_573.png,97,101
sun_reg_574.png,89,181
sun_reg_575.png,92,140
sun_reg_576.png,212,162
sun_reg_577.png,160,62
sun_reg_578.png,61,209
sun_reg_579.png,211,134
sun_reg_580.png,128,91
sun_reg_581.png,49,197
sun_reg_582.png,127,78
sun_reg_583.png,68,211
sun_reg_584.png,124,134
sun_reg_585.png,104,153
sun_reg_586.png,184,131
sun_reg_587.png,113,60
sun_reg_588.png,119,93
sun_reg_589.png,143,113
sun_reg_590.png,48,196
sun_reg_591.png,199,148
sun_reg_592.png,67,206
sun_reg_593.png,224,133
sun_reg_594.png,134,180
sun_reg_595.png,106,197
sun_reg_596.png,55,143
sun_reg_597.png,99,66
sun_reg_598.png,217,47
sun_reg_599.png,216,70
sun_reg_600.png,89,192
sun_reg_601.png,59,221
sun_reg_602.png,144,209
sun_reg_603.png,34,187
sun_reg_604.png,60,33
sun_reg_605.png,120,70
sun_reg_606.png,100,131
sun_reg_607.png,69,208
sun_reg_608.png,67,99
sun_reg_609.png,137,75
sun_reg_610.png,33,142
sun_reg_611.png,67,203
sun_reg_612.png,40,32
sun_reg_613.png,93,107
sun_reg_614.png,82,141
sun_reg_615.png,176,161
sun_reg_616.png,206,104
sun_reg_617.png,69,76
sun_reg_618.png,109,66
sun_reg_619.png,220,208
sun_reg_620.png,196,132
sun_reg_621.png,223,40
sun_reg_622.png,37,168
sun_reg_623.png,69,178
sun_reg_624.png,68,76
sun_reg_625.png,97,212
sun_reg_626.png,66,200
sun_reg_627.png,79,164
sun_reg_628.png,127,153
sun_reg_629.png,45,158
sun_reg_630.png,105,105
sun_reg_631.png,79,165
sun_reg_632.png,128,202
sun_reg_633.png,130,215
sun_reg_634.png,92,44
sun_reg_635.png,40,56
sun_reg_636.png,191,206
sun_reg_637.png,216,181
sun_reg_638.png,88,71
sun_reg_639.png,118,40
sun_reg_640.png,142,209
sun_reg_641.png,120,40
sun_reg_642.png,99,140
sun_reg_643.png,222,201
sun_reg_644.png,40,54
sun_reg_645.png,139,122
sun_reg_646.png,122,127
sun_reg_647.png,206,78
sun_reg_648.png,149,69
sun_reg_649.png,223,37
sun_reg_650.png,117,172
sun_reg_651.png,97,154
sun_reg_652.png,171,163
sun_reg_653.png,152,197
sun_reg_654.png,215,176
sun_reg_655.png,206,210
sun_reg_656.png,80,133
sun_reg_657.png,36,191
sun_reg_658.png,199,141
sun_reg_659.png,197,214
sun_reg_660.png,190,123
sun_reg_661.png,150,111
sun_reg_662.png,209,126
sun_reg_663.png,206,62
sun_reg_664.png,160,114
sun_reg_665.png,110,145
sun_reg_666.png,167,205
sun_reg_667.png,155,96
sun_reg_668.png,120,73
sun_reg_669.png,199,208
sun_reg_670.png,172,74
sun_reg_671.png,92,136
sun_reg_672.png,197,223
sun_reg_673.png,166,173
sun_reg_674.png,191,81
sun_reg_675.png,124,138
sun_reg_676.png,89,102
sun_reg_677.png,54,110
sun_reg_678.png,90,128
sun_reg_679.png,75,191
sun_reg_680.png,80,217
sun_reg_681.png,123,122
sun_reg_682.png,206,143
sun_reg_683.png,56,218
sun_reg_684.png,47,154
sun_reg_685.png,194,135
sun_reg_686.png,47,76
sun_reg_687.png,126,129
sun_reg_688.png,146,65
sun_reg_689.png,112,59
sun_reg_690.png,201,86
sun_reg_691.png,74,174
sun_reg_692.png,181,165
sun_reg_693.png,39,209
sun_reg_694.png,43,224
sun_reg_695.png,117,154
sun_reg_696.png,61,224
sun_reg_697.png,193,204
sun_reg_698.png,89,191
sun_reg_699.png,59,143
sun_reg_700.png,32,174
sun_reg_701.png,58,145
sun_reg_702.png,113,203
sun_reg_703.png,50,38
sun_reg_704.png,213,224
sun_reg_705.png,35,55
sun_reg_706.png,218,43
sun_reg_707.png,132,117
sun_reg_708.png,37,80
sun_reg_709.png,118,100
sun_reg_710.png,88,187
sun_reg_711.png,94,74
sun_reg_712.png,110,65
sun_reg_713.png,208,183
sun_reg_714.png,32,119
sun_reg_715.png,93,56
sun_reg_716.png,133,161
sun_reg_717.png,185,129
sun_reg_718.png,217,152
sun_reg_719.png,99,93
sun_reg_720.png,87,171
sun_reg_721.png,197,194
sun_reg_722.png,34,107
sun_reg_723.png,60,209
sun_reg_724.png,59,61
sun_reg_725.png,156,95
sun_reg_726.png,63,163
sun_reg_727.png,39,169
sun_reg_728.png,138,200
sun_reg_729.png,187,159
sun_reg_730.png,133,46
sun_reg_731.png,126,123
sun_reg_732.png,154,224
sun_reg_733.png,43,108
sun_reg_734.png,138,111
sun_reg_735.png,47,68
sun_reg_736.png,149,105
sun_reg_737.png,149,201
sun_reg_738.png,153,90
sun_reg_739.png,217,114
sun_reg_740.png,167,103
sun_reg_741.png,80,110
sun_reg_742.png,66,74
sun_reg_743.png,130,158
sun_reg_744.png,197,38
sun_reg_745.png,72,123
sun_reg_746.png,37,65
sun_reg_747.png,41,189
sun_reg_748.png,221,218
sun_reg_749.png,212,142
sun_reg_750.png,140,62
sun_reg_751.png,84,54
sun_reg_752.png,143,58
sun_reg_753.png,160,32
sun_reg_754.png,79,137
sun_reg_755.png,79,83
sun_reg_756.png,90,154
sun_reg_757.png,158,49
sun_reg_758.png,207,75
sun_reg_759.png,46,56
sun_reg_760.png,65,148
sun_reg_761.png,142,75
sun_reg_762.png,55,147
sun_reg_763.png,106,37
sun_reg_764.png,63,53
sun_reg_765.png,211,170
sun_reg_766.png,38,60
sun_reg_767.png,140,56
sun_reg_768.png,143,137
sun_reg_769.png,189,93
sun_reg_770.png,182,113
sun_reg_771.png,84,43
sun_reg_772.png,183,59
sun_reg_773.png,179,35
sun_reg_774.png,100,84
sun_reg_775.png,114,63
sun_reg_776.png,222,179
sun_reg_777.png,61,50
sun_reg_778.png,207,212
sun_reg_779.png,160,204
sun_reg_780.png,191,75
sun_reg_781.png,168,185
sun_reg_782.png,168,145
sun_reg_783.png,156,86
sun_reg_784.png,44,156
sun_reg_785.png,208,156
sun_reg_786.png,42,32
sun_reg_787.png,192,116
sun_reg_788.png,103,103
sun_reg_789.png,51,107
sun_reg_790.png,178,51
sun_reg_791.png,210,186
sun_reg_792.png,53,116
sun_reg_793.png,201,149
sun_reg_794.png,174,70
sun_reg_795.png,39,179
sun_reg_796.png,164,205
sun_reg_797.png,94,102
sun_reg_798.png,161,160
sun_reg_799.png,167,127
sun_reg_800.png,126,68
sun_reg_801.png,177,88
sun_reg_802.png,81,146
sun_reg_803.png,103,194
sun_reg_804.png,94,91
sun_reg_805.png,137,107
sun_reg_806.png,83,204
sun_reg_807.png,93,137
sun_reg_808.png,143,197
sun_reg_809.png,199,173
sun_reg_810.png,211,69
sun_reg_811.png,153,152
sun_reg_812.png,139,105
sun_reg_813.png,66,49
sun_reg_814.png,135,160
sun_reg_815.png,45,42
sun_reg_816.png,198,118
sun_reg_817.png,145,174
sun_reg_818.png,96,165
sun_reg_819.png,188,172
sun_reg_820.png,57,131
sun_reg_821.png,70,160
sun_reg_822.png,186,181
sun_reg_823.png,130,110
sun_reg_824.png,101,182
sun_reg_825.png,206,140
sun_reg_826.png,168,183
sun_reg_827.png,211,64
sun_reg_828.png,96,102
sun_reg_829.png,181,126
sun_reg_830.png,208,203
sun_reg_831.png,155,76
sun_reg_832.png,188,157
sun_reg_833.png,93,207
sun_reg_834.png,150,109
sun_reg_835.png,152,159
sun_reg_836.png,101,224
sun_reg_837.png,69,59
sun_reg_838.png,219,194
sun_reg_839.png,54,204
sun_reg_840.png,182,42
sun_reg_841.png,221,139
sun_reg_842.png,101,218
sun_reg_843.png,184,105
sun_reg_844.png,180,96
sun_reg_845.png,187,106
sun_reg_846.png,180,59
sun_reg_847.png,87,147
sun_reg_848.png,159,167
sun_reg_849.png,69,108
sun_reg_850.png,106,174
sun_reg_851.png,79,155
sun_reg_852.png,115,109
sun_reg_853.png,32,138
sun_reg_854.png,182,96
sun_reg_855.png,171,187
sun_reg_856.png,72,141
sun_reg_857.png,58,146
sun_reg_858.png,185,156
sun_reg_859.png,187,67
sun_reg_860.png,180,178
sun_reg_861.png,60,203
sun_reg_862.png,139,156
sun_reg_863.png,143,125
sun_reg_864.png,130,202
sun_reg_865.png,150,128
sun_reg_866.png,108,61
sun_reg_867.png,61,59
sun_reg_868.png,69,63
sun_reg_869.png,165,69
sun_reg_870.png,133,149
sun_reg_871.png,140,182
sun_reg_872.png,142,48
sun_reg_873.png,166,198
sun_reg_874.png,164,206
sun_reg_875.png,184,131
sun_reg_876.png,112,86
sun_reg_877.png,159,105
sun_reg_878.png,150,35
sun_reg_879.png,127,148
sun_reg_880.png,132,45
sun_reg_881.png,211,54
sun_reg_882.png,131,77
sun_reg_883.png,218,211
sun_reg_884.png,131,119
sun_reg_885.png,68,147
sun_reg_886.png,100,95
sun_reg_887.png,150,87
sun_reg_888.png,105,107
sun_reg_889.png,177,158
sun_reg_890.png,51,221
sun_reg_891.png,51,93
sun_reg_892.png,168,52
sun_reg_893.png,97,154
sun_reg_894.png,54,191
sun_reg_895.png,99,77
sun_reg_896.png,93,53
sun_reg_897.png,180,54
sun_reg_898.png,220,64
sun_reg_899.png,132,100
sun_reg_900.png,35,99
sun_reg_901.png,75,129
sun_reg_902.png,71,203
sun_reg_903.png,123,91
sun_reg_904.png,222,145
sun_reg_905.png,71,222
sun_reg_906.png,93,142
sun_reg_907.png,158,162
sun_reg_908.png,189,121
sun_reg_909.png,47,149
sun_reg_910.png,110,81
sun_reg_911.png,87,190
sun_reg_912.png,38,175
sun_reg_913.png,133,53
sun_reg_914.png,107,48
sun_reg_915.png,155,65
sun_reg_916.png,187,192
sun_reg_917.png,224,160
sun_reg_918.png,71,167
sun_reg_919.png,38,113
sun_reg_920.png,187,61
sun_reg_921.png,92,150
sun_reg_922.png,36,47
sun_reg_923.png,149,96
sun_reg_924.png,224,201
sun_reg_925.png,221,146
sun_reg_926.png,71,216
sun_reg_927.png,94,154
sun_reg_928.png,194,38
sun_reg_929.png,111,64
sun_reg_930.png,43,48
sun_reg_931.png,91,113
sun_reg_932.png,86,32
sun_reg_933.png,214,220
sun_reg_934.png,171,183
sun_reg_935.png,134,128
sun_reg_936.png,88,139
sun_reg_937.png,204,201
sun_reg_938.png,187,108
sun_reg_939.png,103,46
sun_reg_940.png,165,84
sun_reg_941.png,40,78
sun_reg_942.png,46,160
sun_reg_943.png,209,108
sun_reg_944.png,100,214
sun_reg_945.png,198,207
sun_reg_946.png,69,155
sun_reg_947.png,96,201
sun_reg_948.png,77,75
sun_reg_949.png,162,215
sun_reg_950.png,54,120
sun_reg_951.png,65,216
sun_reg_952.png,173,177
sun_reg_953.png,120,69
sun_reg_954.png,197,184
sun_reg_955.png,200,116
sun_reg_956.png,112,72
sun_reg_957.png,198,55
sun_reg_958.png,138,191
sun_reg_959.png,104,198
sun_reg_960.png,222,32
sun_reg_961.png,62,181
sun_reg_962.png,93,36
sun_reg_963.png,206,216
sun_reg_964.png,179,72
sun_reg_965.png,215,183
sun_reg_966.png,118,194
sun_reg_967.png,198,205
sun_reg_968.png,66,100
sun_reg_969.png,61,209
sun_reg_970.png,165,41
sun_reg_971.png,78,90
sun_reg_972.png,37,184
sun_reg_973.png,198,158
sun_reg_974.png,110,131
sun_reg_975.png,37,55
sun_reg_976.png,190,144
sun_reg_977.png,144,214
sun_reg_978.png,64,195
sun_reg_979.png,119,204
sun_reg_980.png,57,47
sun_reg_981.png,43,70
sun_reg_982.png,204,112
sun_reg_983.png,60,151
sun_reg_984.png,173,118
sun_reg_985.png,48,119
sun_reg_986.png,220,173
sun_reg_987.png,45,183
sun_reg_988.png,73,128
sun_reg_989.png,201,75
sun_reg_990.png,150,88
sun_reg_991.png,118,196
sun_reg_992.png,35,90
sun_reg_993.png,166,148
sun_reg_994.png,78,179
sun_reg_995.png,71,54
sun_reg_996.png,114,106
sun_reg_997.png,139,139
sun_reg_998.png,98,182
sun_reg_999.png,65,135
sun_reg_1000.png,121,186
sun_reg_1001.png,201,135
sun_reg_1002.png,217,197
sun_reg_1003.png,170,48
sun_reg_1004.png,87,195
sun_reg_1005.png,134,35
sun_reg_1006.png,41,195
sun_reg_1007.png,47,222
sun_reg_1008.png,75,96
sun_reg_1009.png,92,182
sun_reg_1010.png,65,177
sun_reg_1011.png,35,47
sun_reg_1012.png,50,132
sun_reg_1013.png,129,192
sun_reg_1014.png,119,196
sun_reg_1015.png,216,83
sun_reg_1016.png,106,58
sun_reg_1017.png,95,144
sun_reg_1018.png,151,224
sun_reg_1019.png,65,186
sun_reg_1020.png,170,113
sun_reg_1021.png,186,166
sun_reg_1022.png,134,142
sun_reg_1023.png,79,142
sun_reg_1024.png,90,200
sun_reg_1025.png,144,65
sun_reg_1026.png,193,126
sun_reg_1027.png,74,71
sun_reg_1028.png,220,218
sun_reg_1029.png,100,74
sun_reg_1030.png,113,218
sun_reg_1031.png,200,160
sun_reg_1032.png,161,172
sun_reg_1033.png,215,82
sun_reg_1034.png,140,36
sun_reg_1035.png,190,154
sun_reg_1036.png,192,99
sun_reg_1037.png,156,214
sun_reg_1038.png,182,109
sun_reg_1039.png,43,107
sun_reg_1040.png,95,136
sun_reg_1041.png,50,186
sun_reg_1042.png,160,59
sun_reg_1043.png,108,82
sun_reg_1044.png,35,65
sun_reg_1045.png,164,38
sun_reg_1046.png,153,43
sun_reg_1047.png,94,128
sun_reg_1048.png,162,194
sun_reg_1049.png,130,158
sun_reg_1050.png,210,149
sun_reg_1051.png,165,112
sun_reg_1052.png,133,195
sun_reg_1053.png,61,77
sun_reg_1054.png,185,104
sun_reg_1055.png,50,91
sun_reg_1056.png,207,222
sun_reg_1057.png,112,114
sun_reg_1058.png,180,215
sun_reg_1059.png,108,59
sun_reg_1060.png,44,138
sun_reg_1061.png,43,161
sun_reg_1062.png,132,37
sun_reg_1063.png,167,67
sun_reg_1064.png,219,211
sun_reg_1065.png,210,58
sun_reg_1066.png,67,131
sun_reg_1067.png,160,65
sun_reg_1068.png,82,48
sun_reg_1069.png,33,113
sun_reg_1070.png,104,193
sun_reg_1071.png,76,216
sun_reg_1072.png,123,207
sun_reg_1073.png,39,53
sun_reg_1074.png,94,122
sun_reg_1075.png,176,91
sun_reg_1076.png,37,173
sun_reg_1077.png,156,218
sun_reg_1078.png,70,95
sun_reg_1079.png,45,61
sun_reg_1080.png,50,122
sun_reg_1081.png,95,127
sun_reg_1082.png,159,85
sun_reg_1083.png,177,193
sun_reg_1084.png,85,117
sun_reg_1085.png,73,120
sun_reg_1086.png,97,190
sun_reg_1087.png,150,60
sun_reg_1088.png,49,204
sun_reg_1089.png,42,94
sun_reg_1090.png,32,171
sun_reg_1091.png,39,136
sun_reg_1092.png,42,177
sun_reg_1093.png,163,32
sun_reg_1094.png,106,164
sun_reg_1095.png,68,99
sun_reg_1096.png,113,45
sun_reg_1097.png,73,78
sun_reg_1098.png,51,122
sun_reg_1099.png,156,46
sun_reg_1100.png,162,129
sun_reg_1101.png,143,207
sun_reg_1102.png,178,193
sun_reg_1103.png,148,59
sun_reg_1104.png,87,59
sun_reg_1105.png,167,33
sun_reg_1106.png,107,148
sun_reg_1107.png,120,131
sun_reg_1108.png,200,127
sun_reg_1109.png,112,215
sun_reg_1110.png,129,208
sun_reg_1111.png,89,128
sun_reg_1112.png,145,206
sun_reg_1113.png,101,38
sun_reg_1114.png,72,126
sun_reg_1115.png,92,149
sun_reg_1116.png,151,120
sun_reg_1117.png,175,56
sun_reg_1118.png,197,32
sun_reg_1119.png,150,178
sun_reg_1120.png,51,118
sun_reg_1121.png,73,93
sun_reg_1122.png,216,174
sun_reg_1123.png,32,123
sun_reg_1124.png,209,224
sun_reg_1125.png,56,195
sun_reg_1126.png,167,84
sun_reg_1127.png,135,47
sun_reg_1128.png,42,107
sun_reg_1129.png,194,52
sun_reg_1130.png,176,186
sun_reg_1131.png,152,168
sun_reg_1132.png,59,103
sun_reg_1133.png,83,34
sun_reg_1134.png,53,195
sun_reg_1135.png,78,216
sun_reg_1136.png,76,48
sun_reg_1137.png,81,221
sun_reg_1138.png,190,211
sun_reg_1139.png,221,129
sun_reg_1140.png,65,40
sun_reg_1141.png,43,209
sun_reg_1142.png,141,151
sun_reg_1143.png,160,174
sun_reg_1144.png,160,69
sun_reg_1145.png,115,40
sun_reg_1146.png,109,85
sun_reg_1147.png,55,172
sun_reg_1148.png,221,87
sun_reg_1149.png,205,160
sun_reg_1150.png,168,171
sun_reg_1151.png,38,128
sun_reg_1152.png,130,220
sun_reg_1153.png,180,218
sun_reg_1154.png,154,56
sun_reg_1155.png,52,56
sun_reg_1156.png,63,160
sun_reg_1157.png,120,164
sun_reg_1158.png,50,208
sun_reg_1159.png,68,220
sun_reg_1160.png,218,166
sun_reg_1161.png,90,144
sun_reg_1162.png,206,37
sun_reg_1163.png,192,208
sun_reg_1164.png,180,73
sun_reg_1165.png,76,140
sun_reg_1166.png,108,73
sun_reg_1167.png,167,98
sun_reg_1168.png,124,149
sun_reg_1169.png,40,170
sun_reg_1170.png,34,195
sun_reg_1171.png,157,75
sun_reg_1172.png,141,146
sun_reg_1173.png,208,69
sun_reg_1174.png,70,77
sun_reg_1175.png,54,134
sun_reg_1176.png,99,103
sun_reg_1177.png,111,73
sun_reg_1178.png,101,121
sun_reg_1179.png,35,193
sun_reg_1180.png,97,51
sun_reg_1181.png,122,214
sun_reg_1182.png,74,40
sun_reg_1183.png,167,104
sun_reg_1184.png,33,150
sun_reg_1185.png,189,87
sun_reg_1186.png,93,172
sun_reg_1187.png,152,167
sun_reg_1188.png,42,192
sun_reg_1189.png,221,70
sun_reg_1190.png,108,50
sun_reg_1191.png,219,114
sun_reg_1192.png,168,146
sun_reg_1193.png,154,122
sun_reg_1194.png,77,78
sun_reg_1195.png,35,69
sun_reg_1196.png,182,194
sun_reg_1197.png,180,216
sun_reg_1198.png,51,126
sun_reg_1199.png,153,199
sun_reg_1200.png,194,164
sun_reg_1201.png,96,76
sun_reg_1202.png,153,131
sun_reg_1203.png,208,206
sun_reg_1204.png,140,53
sun_reg_1205.png,168,108
sun_reg_1206.png,52,153
sun_reg_1207.png,100,107
sun_reg_1208.png,167,44
sun_reg_1209.png,72,104
sun_reg_1210.png,99,78
sun_reg_1211.png,182,148
sun_reg_1212.png,171,52
sun_reg_1213.png,129,139
sun_reg_1214.png,127,138
sun_reg_1215.png,150,169
sun_reg_1216.png,41,72
sun_reg_1217.png,75,71
sun_reg_1218.png,215,82
sun_reg_1219.png,198,77
sun_reg_1220.png,144,206
sun_reg_1221.png,166,115
sun_reg_1222.png,46,206
sun_reg_1223.png,203,104
sun_reg_1224.png,84,100
sun_reg_1225.png,83,46
sun_reg_1226.png,113,136
sun_reg_1227.png,41,154
sun_reg_1228.png,121,44
sun_reg_1229.png,56,46
sun_reg_1230.png,99,108
sun_reg_1231.png,148,141
sun_reg_1232.png,111,209
sun_reg_1233.png,204,124
sun_reg_1234.png,174,127
sun_reg_1235.png,52,39
sun_reg_1236.png,201,217
sun_reg_1237.png,104,124
sun_reg_1238.png,136,158
sun_reg_1239.png,59,96
sun_reg_1240.png,98,81
sun_reg_1241.png,54,91
sun_reg_1242.png,64,40
sun_reg_1243.png,137,209
sun_reg_1244.png,113,136
sun_reg_1245.png,96,201
sun_reg_1246.png,131,113
sun_reg_1247.png,102,98
sun_reg_1248.png,199,224
sun_reg_1249.png,91,198
sun_reg_1250.png,216,171
sun_reg_1251.png,126,57
sun_reg_1252.png,194,148
sun_reg_1253.png,157,198
sun_reg_1254.png,201,42
sun_reg_1255.png,176,180
sun_reg_1256.png,88,133
sun_reg_1257.png,88,137
sun_reg_1258.png,37,90
sun_reg_1259.png,105,80
sun_reg_1260.png,102,218
sun_reg_1261.png,110,219
sun_reg_1262.png,58,72
sun_reg_1263.png,140,89
sun_reg_1264.png,138,54
sun_reg_1265.png,101,201
sun_reg_1266.png,113,202
sun_reg_1267.png,118,39
sun_reg_1268.png,142,54
sun_reg_1269.png,73,194
sun_reg_1270.png,60,197
sun_reg_1271.png,47,58
sun_reg_1272.png,43,169
sun_reg_1273.png,172,141
sun_reg_1274.png,39,126
sun_reg_1275.png,197,136
sun_reg_1276.png,151,105
sun_reg_1277.png,115,108
sun_reg_1278.png,146,49
sun_reg_1279.png,123,178
sun_reg_1280.png,157,177
sun_reg_1281.png,84,152
sun_reg_1282.png,185,198
sun_reg_1283.png,170,73
sun_reg_1284.png,217,76
sun_reg_1285.png,177,35
sun_reg_1286.png,187,170
sun_reg_1287.png,207,133
sun_reg_1288.png,203,115
sun_reg_1289.png,103,165
sun_reg_1290.png,184,180
sun_reg_1291.png,106,183
sun_reg_1292.png,213,80
sun_reg_1293.png,70,147
sun_reg_1294.png,206,162
sun_reg_1295.png,79,54
sun_reg_1296.png,88,65
sun_reg_1297.png,209,121
sun_reg_1298.png,100,94
sun_reg_1299.png,84,202
sun_reg_1300.png,168,107
sun_reg_1301.png,182,63
sun_reg_1302.png,54,153
sun_reg_1303.png,114,65
sun_reg_1304.png,164,122
sun_reg_1305.png,148,133
sun_reg_1306.png,118,112
sun_reg_1307.png,39,123
sun_reg_1308.png,160,121
sun_reg_1309.png,220,141
sun_reg_1310.png,213,72
sun_reg_1311.png,164,131
sun_reg_1312.png,71,220
sun_reg_1313.png,143,64
sun_reg_1314.png,56,177
sun_reg_1315.png,199,189
sun_reg_1316.png,172,49
sun_reg_1317.png,142,125
sun_reg_1318.png,174,94
sun_reg_1319.png,190,69
sun_reg_1320.png,219,56
sun_reg_1321.png,197,177
sun_reg_1322.png,214,77
sun_reg_1323.png,102,208
sun_reg_1324.png,200,191
sun_reg_1325.png,76,137
sun_reg_1326.png,76,191
sun_reg_1327.png,51,183
sun_reg_1328.png,162,96
sun_reg_1329.png,178,144
sun_reg_1330.png,93,126
sun_reg_1331.png,191,81
sun_reg_1332.png,140,121
sun_reg_1333.png,190,210
sun_reg_1334.png,200,180
sun_reg_1335.png,145,164
sun_reg_1336.png,174,105
sun_reg_1337.png,149,59
sun_reg_1338.png,110,147
sun_reg_1339.png,153,48
sun_reg_1340.png,199,220
sun_reg_1341.png,133,210
sun_reg_1342.png,173,68
sun_reg_1343.png,59,203
sun_reg_1344.png,202,57
sun_reg_1345.png,162,75
sun_reg_1346.png,133,112
sun_reg_1347.png,174,222
sun_reg_1348.png,187,174
sun_reg_1349.png,174,111
sun_reg_1350.png,52,162
sun_reg_1351.png,145,103
sun_reg_1352.png,104,150
sun_reg_1353.png,53,176
sun_reg_1354.png,37,42
sun_reg_1355.png,217,131
sun_reg_1356.png,50,147
sun_reg_1357.png,133,85
sun_reg_1358.png,109,93
sun_reg_1359.png,112,50
sun_reg_1360.png,70,56
sun_reg_1361.png,222,62
sun_reg_1362.png,64,53
sun_reg_1363.png,130,146
sun_reg_1364.png,117,158
sun_reg_1365.png,162,91
sun_reg_1366.png,93,199
sun_reg_1367.png,200,185
sun_reg_1368.png,164,154
sun_reg_1369.png,98,32
sun_reg_1370.png,83,141
sun_reg_1371.png,155,105
sun_reg_1372.png,170,141
sun_reg_1373.png,91,43
sun_reg_1374.png,110,75
sun_reg_1375.png,203,122
sun_reg_1376.png,212,59
sun_reg_1377.png,77,137
sun_reg_1378.png,170,201
sun_reg_1379.png,115,95
sun_reg_1380.png,178,41
sun_reg_1381.png,82,108
sun_reg_1382.png,224,136
sun_reg_1383.png,108,180
sun_reg_1384.png,189,35
sun_reg_1385.png,147,157
sun_reg_1386.png,147,95
sun_reg_1387.png,55,95
sun_reg_1388.png,83,69
sun_reg_1389.png,103,38
sun_reg_1390.png,167,164
sun_reg_1391.png,136,199
sun_reg_1392.png,70,64
sun_reg_1393.png,200,139
sun_reg_1394.png,206,67
sun_reg_1395.png,43,158
sun_reg_1396.png,77,142
sun_reg_1397.png,142,105
sun_reg_1398.png,72,155
sun_reg_1399.png,78,177
sun_reg_1400.png,186,69
sun_reg_1401.png,90,95
sun_reg_1402.png,74,159
sun_reg_1403.png,125,222
sun_reg_1404.png,108,119
sun_reg_1405.png,112,189
sun_reg_1406.png,141,208
sun_reg_1407.png,46,70
sun_reg_1408.png,77,202
sun_reg_1409.png,57,215
sun_reg_1410.png,99,194
sun_reg_1411.png,54,71
sun_reg_1412.png,180,211
sun_reg_1413.png,196,135
sun_reg_1414.png,149,46
sun_reg_1415.png,224,100
sun_reg_1416.png,121,61
sun_reg_1417.png,98,206
sun_reg_1418.png,132,74
sun_reg_1419.png,191,98
sun_reg_1420.png,220,85
sun_reg_1421.png,65,145
sun_reg_1422.png,165,113
sun_reg_1423.png,99,219
sun_reg_1424.png,101,142
sun_reg_1425.png,96,209
sun_reg_1426.png,131,99
sun_reg_1427.png,208,185
sun_reg_1428.png,98,58
sun_reg_1429.png,218,153
sun_reg_1430.png,224,38
sun_reg_1431.png,36,138
sun_reg_1432.png,107,63
sun_reg_1433.png,221,180
sun_reg_1434.png,190,193
sun_reg_1435.png,108,72
sun_reg_1436.png,201,46
sun_reg_1437.png,35,46
sun_reg_1438.png,41,72
sun_reg_1439.png,168,38
sun_reg_1440.png,173,91
sun_reg_1441.png,66,74
sun_reg_1442.png,213,114
sun_reg_1443.png,58,166
sun_reg_1444.png,141,79
sun_reg_1445.png,216,86
sun_reg_1446.png,79,213
sun_reg_1447.png,36,147
sun_reg_1448.png,113,142
sun_reg_1449.png,75,154
sun_reg_1450.png,58,136
sun_reg_1451.png,47,161
sun_reg_1452.png,75,182
sun_reg_1453.png,146,174
sun_reg_1454.png,62,105
sun_reg_1455.png,118,79
sun_reg_1456.png,75,207
sun_reg_1457.png,51,163
sun_reg_1458.png,83,37
sun_reg_1459.png,48,212
sun_reg_1460.png,85,42
sun_reg_1461.png,129,196
sun_reg_1462.png,102,182
sun_reg_1463.png,133,72
sun_reg_1464.png,107,62
sun_reg_1465.png,83,156
sun_reg_1466.png,179,172
sun_reg_1467.png,55,61
sun_reg_1468.png,93,167
sun_reg_1469.png,144,33
sun_reg_1470.png,36,51
sun_reg_1471.png,69,182
sun_reg_1472.png,191,205
sun_reg_1473.png,63,188
sun_reg_1474.png,192,75
sun_reg_1475.png,58,181
sun_reg_1476.png,78,118
sun_reg_1477.png,139,117
sun_reg_1478.png,57,121
sun_reg_1479.png,193,149
sun_reg_1480.png,156,46
sun_reg_1481.png,87,54
sun_reg_1482.png,121,204
sun_reg_1483.png,76,77
sun_reg_1484.png,58,112
sun_reg_1485.png,77,114
sun_reg_1486.png,158,158
sun_reg_1487.png,85,151
sun_reg_1488.png,121,183
sun_reg_1489.png,194,184
sun_reg_1490.png,105,98
sun_reg_1491.png,65,178
sun_reg_1492.png,54,70
sun_reg_1493.png,95,53
sun_reg_1494.png,191,104
sun_reg_1495.png,145,43
sun_reg_1496.png,208,42
sun_reg_1497.png,52,68
sun_reg_1498.png,127,212
sun_reg_1499.png,194,214
sun_reg_1500.png,94,46
sun_reg_1501.png,107,67
sun_reg_1502.png,62,67
sun_reg_1503.png,208,75
sun_reg_1504.png,199,211
sun_reg_1505.png,133,144
sun_reg_1506.png,165,135
sun_reg_1507.png,161,167
sun_reg_1508.png,34,182
sun_reg_1509.png,174,201
sun_reg_1510.png,178,34
sun_reg_1511.png,50,32
sun_reg_1512.png,112,110
sun_reg_1513.png,189,213
sun_reg_1514.png,138,79
sun_reg_1515.png,162,156
sun_reg_1516.png,40,107
sun_reg_1517.png,110,173
sun_reg_1518.png,138,167
sun_reg_1519.png,155,198
sun_reg_1520.png,133,75
sun_reg_1521.png,87,166
sun_reg_1522.png,220,64
sun_reg_1523.png,72,106
sun_reg_1524.png,140,108
sun_reg_1525.png,219,109
sun_reg_1526.png,203,142
sun_reg_1527.png,192,144
sun_reg_1528.png,200,205
sun_reg_1529.png,58,166
sun_reg_1530.png,111,107
sun_reg_1531.png,135,80
sun_reg_1532.png,45,192
sun_reg_1533.png,119,179
sun_reg_1534.png,109,35
sun_reg_1535.png,146,111
sun_reg_1536.png,53,179
sun_reg_1537.png,215,211
sun_reg_1538.png,60,47
sun_reg_1539.png,170,64
sun_reg_1540.png,209,169
sun_reg_1541.png,156,114
sun_reg_1542.png,193,44
sun_reg_1543.png,128,161
sun_reg_1544.png,91,214
sun_reg_1545.png,160,163
sun_reg_1546.png,180,49
sun_reg_1547.png,151,155
sun_reg_1548.png,206,211
sun_reg_1549.png,145,58
sun_reg_1550.png,81,71
sun_reg_1551.png,186,81
sun_reg_1552.png,203,222
sun_reg_1553.png,91,62
sun_reg_1554.png,67,205
sun_reg_1555.png,143,73
sun_reg_1556.png,167,203
sun_reg_1557.png,147,207
sun_reg_1558.png,199,36
sun_reg_1559.png,44,39
sun_reg_1560.png,50,133
sun_reg_1561.png,136,221
sun_reg_1562.png,144,115
sun_reg_1563.png,181,122
sun_reg_1564.png,61,191
sun_reg_1565.png,169,161
sun_reg_1566.png,60,146
sun_reg_1567.png,117,151
sun_reg_1568.png,164,190
sun_reg_1569.png,73,120
sun_reg_1570.png,55,122
sun_reg_1571.png,51,71
sun_reg_1572.png,169,48
sun_reg_1573.png,43,99
sun_reg_1574.png,37,217
sun_reg_1575.png,124,159
sun_reg_1576.png,197,154
sun_reg_1577.png,120,164
sun_reg_1578.png,44,97
sun_reg_1579.png,92,156
sun_reg_1580.png,88,88
sun_reg_1581.png,206,67
sun_reg_1582.png,167,190
sun_reg_1583.png,129,189
sun_reg_1584.png,69,112
sun_reg_1585.png,53,153
sun_reg_1586.png,76,43
sun_reg_1587.png,145,131
sun_reg_1588.png,53,209
sun_reg_1589.png,60,155
sun_reg_1590.png,61,173
sun_reg_1591.png,173,215
sun_reg_1592.png,122,147
sun_reg_1593.png,101,190
sun_reg_1594.png,203,214
sun_reg_1595.png,193,109
sun_reg_1596.png,204,115
sun_reg_1597.png,83,190
sun_reg_1598.png,55,138
sun_reg_1599.png,117,90
sun_reg_1600.png,88,203
sun_reg_1601.png,69,217
sun_reg_1602.png,172,83
sun_reg_1603.png,43,132
sun_reg_1604.png,116,76
sun_reg_1605.png,191,66
sun_reg_1606.png,199,95
sun_reg_1607.png,57,77
sun_reg_1608.png,200,191
sun_reg_1609.png,47,152
sun_reg_1610.png,132,53
sun_reg_1611.png,69,193
sun_reg_1612.png,140,147
sun_reg_1613.png,104,197
sun_reg_1614.png,36,58
sun_reg_1615.png,178,197
sun_reg_1616.png,213,104
sun_reg_1617.png,40,147
sun_reg_1618.png,155,181
sun_reg_1619.png,87,106
sun_reg_1620.png,60,190
sun_reg_1621.png,81,36
sun_reg_1622.png,193,186
sun_reg_1623.png,71,188
sun_reg_1624.png,151,88
sun_reg_1625.png,124,147
sun_reg_1626.png,137,62
sun_reg_1627.png,220,209
sun_reg_1628.png,76,106
sun_reg_1629.png,174,120
sun_reg_1630.png,221,59
sun_reg_1631.png,166,187
sun_reg_1632.png,99,131
sun_reg_1633.png,179,87
sun_reg_1634.png,200,211
sun_reg_1635.png,165,186
sun_reg_1636.png,173,47
sun_reg_1637.png,178,70
sun_reg_1638.png,205,205
sun_reg_1639.png,61,172
sun_reg_1640.png,145,206
sun_reg_1641.png,210,158
sun_reg_1642.png,116,182
sun_reg_1643.png,164,35
sun_reg_1644.png,211,172
sun_reg_1645.png,146,83
sun_reg_1646.png,184,209
sun_reg_1647.png,35,94
sun_reg_1648.png,73,224
sun_reg_1649.png,104,73
sun_reg_1650.png,219,111
sun_reg_1651.png,132,77
sun_reg_1652.png,185,195
sun_reg_1653.png,138,176
sun_reg_1654.png,172,127
sun_reg_1655.png,64,56
sun_reg_1656.png,169,163
sun_reg_1657.png,156,50
sun_reg_1658.png,210,175
sun_reg_1659.png,118,128
sun_reg_1660.png,75,212
sun_reg_1661.png,190,223
sun_reg_1662.png,50,128
sun_reg_1663.png,202,47
sun_reg_1664.png,189,85
sun_reg_1665.png,77,171
sun_reg_1666.png,113,100
sun_reg_1667.png,50,180
sun_reg_1668.png,164,41
sun_reg_1669.png,130,143
sun_reg_1670.png,54,76
sun_reg_1671.png,99,96
sun_reg_1672.png,69,213
sun_reg_1673.png,192,166
sun_reg_1674.png,194,180
sun_reg_1675.png,44,50
sun_reg_1676.png,119,67
sun_reg_1677.png,77,126
sun_reg_1678.png,204,161
sun_reg_1679.png,60,109
sun_reg_1680.png,103,114
sun_reg_1681.png,41,41
sun_reg_1682.png,195,122
sun_reg_1683.png,45,156
sun_reg_1684.png,166,163
sun_reg_1685.png,102,220
sun_reg_1686.png,119,166
sun_reg_1687.png,37,44
sun_reg_1688.png,93,35
sun_reg_1689.png,35,215
sun_reg_1690.png,106,152
sun_reg_1691.png,205,119
sun_reg_1692.png,110,54
sun_reg_1693.png,201,215
sun_reg_1694.png,161,134
sun_reg_1695.png,186,210
sun_reg_1696.png,133,210
sun_reg_1697.png,46,103
sun_reg_1698.png,203,161
sun_reg_1699.png,75,48
sun_reg_1700.png,84,138
sun_reg_1701.png,133,143
sun_reg_1702.png,111,185
sun_reg_1703.png,49,188
sun_reg_1704.png,88,96
sun_reg_1705.png,108,53
sun_reg_1706.png,139,52
sun_reg_1707.png,40,78
sun_reg_1708.png,114,194
sun_reg_1709.png,201,42
sun_reg_1710.png,57,48
sun_reg_1711.png,98,91
sun_reg_1712.png,126,170
sun_reg_1713.png,200,80
sun_reg_1714.png,75,213
sun_reg_1715.png,105,90
sun_reg_1716.png,200,129
sun_reg_1717.png,145,143
sun_reg_1718.png,166,155
sun_reg_1719.png,190,34
sun_reg_1720.png,157,207
sun_reg_1721.png,218,222
sun_reg_1722.png,88,113
sun_reg_1723.png,43,45
sun_reg_1724.png,48,83
sun_reg_1725.png,39,75
sun_reg_1726.png,196,188
sun_reg_1727.png,39,127
sun_reg_1728.png,53,141
sun_reg_1729.png,208,140
sun_reg_1730.png,194,78
sun_reg_1731.png,70,101
sun_reg_1732.png,217,58
sun_reg_1733.png,95,92
sun_reg_1734.png,215,212
sun_reg_1735.png,128,130
sun_reg_1736.png,33,108
sun_reg_1737.png,208,117
sun_reg_1738.png,194,108
sun_reg_1739.png,200,174
sun_reg_1740.png,172,88
sun_reg_1741.png,42,106
sun_reg_1742.png,160,205
sun_reg_1743.png,34,49
sun_reg_1744.png,166,130
sun_reg_1745.png,192,95
sun_reg_1746.png,55,85
sun_reg_1747.png,134,201
sun_reg_1748.png,37,144
sun_reg_1749.png,102,163
sun_reg_1750.png,217,101
sun_reg_1751.png,76,100
sun_reg_1752.png,135,183
sun_reg_1753.png,52,50
sun_reg_1754.png,206,91
sun_reg_1755.png,174,73
sun_reg_1756.png,203,125
sun_reg_1757.png,151,70
sun_reg_1758.png,112,217
sun_reg_1759.png,94,171
sun_reg_1760.png,109,213
sun_reg_1761.png,162,218
sun_reg_1762.png,55,219
sun_reg_1763.png,214,107
sun_reg_1764.png,216,174
sun_reg_1765.png,40,127
sun_reg_1766.png,69,95
sun_reg_1767.png,118,92
sun_reg_1768.png,129,176
sun_reg_1769.png,92,103
sun_reg_1770.png,69,182
sun_reg_1771.png,39,125
sun_reg_1772.png,95,107
sun_reg_1773.png,93,116
sun_reg_1774.png,84,44
sun_reg_1775.png,184,129
sun_reg_1776.png,131,64
sun_reg_1777.png,184,89
sun_reg_1778.png,222,198
sun_reg_1779.png,125,220
sun_reg_1780.png,180,148
sun_reg_1781.png,114,119
sun_reg_1782.png,42,163
sun_reg_1783.png,88,101
sun_reg_1784.png,133,180
sun_reg_1785.png,132,114
sun_reg_1786.png,179,170
sun_reg_1787.png,176,39
sun_reg_1788.png,95,44
sun_reg_1789.png,178,143
sun_reg_1790.png,36,210
sun_reg_1791.png,142,124
sun_reg_1792.png,114,160
sun_reg_1793.png,152,197
sun_reg_1794.png,187,52
sun_reg_1795.png,173,170
sun_reg_1796.png,197,159
sun_reg_1797.png,106,207
sun_reg_1798.png,71,216
sun_reg_1799.png,136,66
sun_reg_1800.png,132,144
sun_reg_1801.png,46,189
sun_reg_1802.png,75,169
sun_reg_1803.png,109,74
sun_reg_1804.png,118,155
sun_reg_1805.png,67,187
sun_reg_1806.png,132,83
sun_reg_1807.png,106,45
sun_reg_1808.png,34,65
sun_reg_1809.png,121,95
sun_reg_1810.png,120,90
sun_reg_1811.png,122,88
sun_reg_1812.png,72,38
sun_reg_1813.png,47,211
sun_reg_1814.png,42,114
sun_reg_1815.png,35,72
sun_reg_1816.png,131,140
sun_reg_1817.png,88,83
sun_reg_1818.png,189,97
sun_reg_1819.png,84,52
sun_reg_1820.png,163,198
sun_reg_1821.png,77,122
sun_reg_1822.png,190,94
sun_reg_1823.png,33,197
sun_reg_1824.png,118,202
sun_reg_1825.png,70,60
sun_reg_1826.png,144,45
sun_reg_1827.png,208,139
sun_reg_1828.png,89,43
sun_reg_1829.png,152,129
sun_reg_1830.png,201,197
sun_reg_1831.png,189,37
sun_reg_1832.png,211,105
sun_reg_1833.png,169,187
sun_reg_1834.png,37,79
sun_reg_1835.png,49,220
sun_reg_1836.png,185,164
sun_reg_1837.png,216,222
sun_reg_1838.png,123,52
sun_reg_1839.png,48,71
sun_reg_1840.png,150,38
sun_reg_1841.png,41,203
sun_reg_1842.png,174,156
sun_reg_1843.png,52,155
sun_reg_1844.png,218,177
sun_reg_1845.png,53,76
sun_reg_1846.png,224,79
sun_reg_1847.png,69,156
sun_reg_1848.png,201,192
sun_reg_1849.png,125,102
sun_reg_1850.png,206,77
sun_reg_1851.png,131,61
sun_reg_1852.png,88,32
sun_reg_1853.png,44,46
sun_reg_1854.png,135,58
sun_reg_1855.png,66,219
sun_reg_1856.png,73,121
sun_reg_1857.png,146,116
sun_reg_1858.png,57,53
sun_reg_1859.png,91,65
sun_reg_1860.png,216,146
sun_reg_1861.png,46,61
sun_reg_1862.png,125,108
sun_reg_1863.png,155,196
sun_reg_1864.png,46,125
sun_reg_1865.png,182,57
sun_reg_1866.png,124,57
sun_reg_1867.png,139,150
sun_reg_1868.png,124,58
sun_reg_1869.png,80,157
sun_reg_1870.png,154,64
sun_reg_1871.png,203,35
sun_reg_1872.png,170,115
sun_reg_1873.png,107,93
sun_reg_1874.png,191,62
sun_reg_1875.png,36,65
sun_reg_1876.png,80,223
sun_reg_1877.png,177,178
sun_reg_1878.png,55,36
sun_reg_1879.png,101,203
sun_reg_1880.png,207,205
sun_reg_1881.png,118,219
sun_reg_1882.png,178,130
sun_reg_1883.png,187,40
sun_reg_1884.png,192,206
sun_reg_1885.png,69,208
sun_reg_1886.png,80,154
sun_reg_1887.png,171,193
sun_reg_1888.png,53,176
sun_reg_1889.png,200,74
sun_reg_1890.png,163,96
sun_reg_1891.png,57,222
sun_reg_1892.png,177,181
sun_reg_1893.png,115,140
sun_reg_1894.png,147,184
sun_reg_1895.png,198,117
sun_reg_1896.png,103,124
sun_reg_1897.png,134,100
sun_reg_1898.png,180,210
sun_reg_1899.png,198,83
sun_reg_1900.png,190,185
sun_reg_1901.png,33,135
sun_reg_1902.png,142,218
sun_reg_1903.png,33,34
sun_reg_1904.png,119,192
sun_reg_1905.png,182,107
sun_reg_1906.png,156,127
sun_reg_1907.png,118,210
sun_reg_1908.png,111,182
sun_reg_1909.png,94,50
sun_reg_1910.png,161,92
sun_reg_1911.png,80,106
sun_reg_1912.png,188,66
sun_reg_1913.png,199,137
sun_reg_1914.png,91,96
sun_reg_1915.png,137,96
sun_reg_1916.png,104,105
sun_reg_1917.png,114,117
sun_reg_1918.png,211,96
sun_reg_1919.png,110,107
sun_reg_1920.png,97,166
sun_reg_1921.png,97,35
sun_reg_1922.png,46,94
sun_reg_1923.png,215,123
sun_reg_1924.png,65,54
sun_reg_1925.png,39,143
sun_reg_1926.png,194,215
sun_reg_1927.png,104,167
sun_reg_1928.png,202,128
sun_reg_1929.png,133,107
sun_reg_1930.png,150,183
sun_reg_1931.png,77,176
sun_reg_1932.png,178,33
sun_reg_1933.png,57,138
sun_reg_1934.png,51,206
sun_reg_1935.png,224,119
sun_reg_1936.png,122,67
sun_reg_1937.png,35,93
sun_reg_1938.png,47,47
sun_reg_1939.png,102,156
sun_reg_1940.png,66,67
sun_reg_1941.png,93,108
sun_reg_1942.png,177,107
sun_reg_1943.png,161,156
sun_reg_1944.png,39,194
sun_reg_1945.png,150,69
sun_reg_1946.png,169,77
sun_reg_1947.png,104,162
sun_reg_1948.png,219,57
sun_reg_1949.png,132,67
sun_reg_1950.png,136,49
sun_reg_1951.png,154,174
sun_reg_1952.png,87,137
sun_reg_1953.png,98,61
sun_reg_1954.png,97,103
sun_reg_1955.png,185,107
sun_reg_1956.png,201,187
sun_reg_1957.png,37,164
sun_reg_1958.png,113,149
sun_reg_1959.png,54,172
sun_reg_1960.png,148,49
sun_reg_1961.png,126,95
sun_reg_1962.png,193,42
sun_reg_1963.png,213,81
sun_reg_1964.png,33,53
sun_reg_1965.png,117,220
sun_reg_1966.png,223,53
sun_reg_1967.png,103,204
sun_reg_1968.png,141,158
sun_reg_1969.png,186,89
sun_reg_1970.png,218,102
sun_reg_1971.png,221,217
sun_reg_1972.png,208,51
sun_reg_1973.png,149,128
sun_reg_1974.png,203,44
sun_reg_1975.png,155,55
sun_reg_1976.png,193,72
sun_reg_1977.png,157,88
sun_reg_1978.png,146,79
sun_reg_1979.png,205,169
sun_reg_1980.png,32,103
sun_reg_1981.png,129,49
sun_reg_1982.png,153,120
sun_reg_1983.png,104,70
sun_reg_1984.png,181,177
sun_reg_1985.png,52,194
sun_reg_1986.png,97,217
sun_reg_1987.png,33,89
sun_reg_1988.png,165,48
sun_reg_1989.png,69,223
sun_reg_1990.png,139,122
sun_reg_1991.png,92,211
sun_reg_1992.png,58,143
sun_reg_1993.png,121,80
sun_reg_1994.png,70,105
sun_reg_1995.png,112,102
sun_reg_1996.png,213,149
sun_reg_1997.png,153,95
sun_reg_1998.png,39,45
sun_reg_1999.png,50,165
sun_reg_2000.png,204,96
